id,texto
1,O Bitcoin registrou valorização após aumento do interesse institucional e da adoção em países emergentes.
2,A Ethereum completou uma atualização que reduziu o consumo de energia e aumentou a eficiência da rede.
3,A Binance anunciou novas medidas de conformidade para atender exigências regulatórias internacionais.
4,Analistas preveem que o halving do Bitcoin pode impulsionar os preços no próximo ciclo de mercado.
5,Projetos de DeFi continuam atraindo investidores com promessas de rendimentos descentralizados.
6,"A Solana se destacou pelo alto desempenho e baixas taxas, atraindo desenvolvedores de aplicativos Web3."
7,"A Cardano lançou melhorias em seus contratos inteligentes, fortalecendo seu ecossistema."
8,Empresas de tecnologia financeira investem em soluções baseadas em blockchain para pagamentos rápidos.
9,O governo dos EUA intensifica discussões sobre regulação das stablecoins para evitar riscos sistêmicos.
10,A adoção de carteiras digitais cresce entre os jovens como forma alternativa de investimento.
11,"Hackers exploraram vulnerabilidades em uma plataforma DeFi, resultando em perdas milionárias."
12,A mineração de criptomoedas enfrenta críticas por alto consumo de energia e impacto ambiental.
13,Países latino-americanos avaliam uso de moedas digitais para combater inflação e estimular economia.
14,O token da Avalanche apresentou valorização devido a novos acordos de parceria tecnológica.
15,"Empresas passam a aceitar Bitcoin e Ethereum como forma de pagamento, ampliando o uso real das criptos."
16,A corretora Coinbase expandiu suas operações para novos mercados da Europa e América Latina.
17,Pesquisadores discutem o papel das CBDCs no futuro do sistema financeiro global.
18,Tokens não fungíveis (NFTs) continuam populares em jogos e colecionáveis digitais.
19,"A volatilidade do mercado cripto permanece alta, exigindo cautela dos investidores iniciantes."
20,O governo do Japão aprovou novas leis para proteger investidores de fraudes com criptomoedas.
21,A adoção do Bitcoin como moeda legal em alguns países segue despertando debates sobre soberania monetária.
22,"O mercado de derivativos de criptoativos cresce, oferecendo novas ferramentas de hedge."
23,Empresas de segurança digital reforçam auditorias em contratos inteligentes para evitar ataques.
24,O Ethereum lidera o setor de aplicações descentralizadas com milhares de desenvolvedores ativos.
25,A stablecoin USDC mantém paridade com o dólar e ganha confiança no mercado institucional.
26,Investidores analisam o impacto das taxas de juros dos EUA sobre o preço do Bitcoin.
27,A mineração sustentável de criptomoedas ganha força com o uso de energia renovável.
28,O Brasil figura entre os países com maior número de usuários ativos em plataformas de criptomoedas.
29,A Dogecoin volta a subir após comentários de figuras influentes nas redes sociais.
30,Empresas de varejo exploram integração de pagamentos em criptomoedas para e-commerce.
31,Relatórios indicam aumento de golpes de phishing envolvendo exchanges falsas.
32,O desenvolvimento de soluções Layer 2 promete maior escalabilidade para a rede Ethereum.
33,O Banco Central Europeu estuda o lançamento de um euro digital nos próximos anos.
34,O Bitcoin atinge novo marco de capitalização após superar grandes empresas em valor de mercado.
35,O uso de contratos inteligentes se expande para setores como seguros e logística.
36,A Polkadot fortalece sua rede com a integração de novas parachains.
37,A Chainlink amplia o uso de oráculos descentralizados para dados financeiros.
38,A adoção de carteiras frias aumenta entre investidores preocupados com segurança.
39,Fundos de investimento tradicionais começam a incluir criptomoedas em seus portfólios.
40,Discussões sobre interoperabilidade entre blockchains ganham destaque em conferências internacionais.
41,"A regulamentação do setor avança na Ásia, com regras mais claras para exchanges."
42,Criptomoedas focadas em privacidade enfrentam restrições em alguns países.
43,A educação sobre criptoativos cresce em universidades e cursos online.
44,A Tezos apresenta novas funcionalidades de governança descentralizada.
45,Os NFTs encontram aplicações em identidade digital e autenticação de produtos.
46,A valorização das altcoins sugere diversificação além do Bitcoin e Ethereum.
47,Empresas de jogos integram tokens em modelos de economia virtual.
48,A volatilidade do mercado estimula o surgimento de algoritmos de negociação automática.
49,A regulação de stablecoins busca equilibrar inovação e proteção ao consumidor.
50,Desenvolvedores da Ethereum planejam novas atualizações para reduzir taxas.
51,A rede Lightning facilita micropagamentos instantâneos no ecossistema Bitcoin.
52,Startups brasileiras exploram blockchain para rastrear cadeias produtivas.
53,O uso de criptomoedas em doações humanitárias aumenta durante crises globais.
54,O mercado de NFTs passa por correção após período de alta especulativa.
55,A Binance enfrenta investigações em diversos países sobre práticas de compliance.
56,Empresas apostam em tokens de utilidade para engajar comunidades digitais.
57,A segurança cibernética se torna prioridade para plataformas de criptomoedas.
58,O Ethereum continua sendo a principal rede para finanças descentralizadas.
59,Inovações em blockchains verdes buscam reduzir o impacto ambiental do setor.
60,A Solana registra aumento de transações após o lançamento de novos dApps.
61,Governos discutem tributação sobre ganhos com criptoativos.
62,Tokens de governança permitem participação ativa em projetos descentralizados.
63,Grandes bancos testam uso de blockchain para liquidação de ativos.
64,A capitalização total do mercado cripto ultrapassa trilhões de dólares novamente.
65,Empresas de auditoria criam serviços especializados para ativos digitais.
66,Projetos Web3 redefinem a forma como usuários interagem com a internet.
67,O mercado de staking oferece novas formas de rendimento passivo.
68,Plataformas descentralizadas ampliam acesso a serviços financeiros globais.
69,A volatilidade extrema desafia reguladores e economistas tradicionais.
70,Novos padrões de interoperabilidade conectam diferentes blockchains.
71,A demanda por tokens lastreados em commodities cresce entre investidores.
72,A descentralização permanece como um dos pilares do movimento cripto.
73,A inteligência artificial começa a ser integrada em análise de dados de blockchain.
74,Empresas de remessas internacionais adotam cripto para reduzir custos.
75,Discussões sobre anonimato e transparência continuam polarizando a comunidade.
76,Projetos de metaverso se expandem com integração de NFTs e criptomoedas.
77,Fundos de pensão estudam exposição limitada ao mercado cripto.
78,A Polygon cresce como solução de escalabilidade compatível com Ethereum.
79,Governos avaliam uso de blockchain para modernizar registros públicos.
80,O ecossistema DeFi enfrenta desafios de liquidez em períodos de baixa.
81,O Bitcoin mantém dominância de mercado apesar do crescimento das altcoins.
82,Empresas de análise on-chain ajudam a rastrear transações suspeitas.
83,O uso de blockchain em identidade digital aumenta a segurança de usuários.
84,Tokens lastreados em ouro ganham espaço entre investidores conservadores.
85,A regulação cripto avança na América Latina com propostas de transparência fiscal.
86,A adoção corporativa de Bitcoin cresce entre empresas de tecnologia.
87,Empresas de energia exploram mineração com excedentes de produção elétrica.
88,Projetos de stablecoins regionais surgem para facilitar comércio local.
89,A volatilidade reduz interesse especulativo e estimula uso prático das criptos.
90,Desenvolvedores buscam soluções para reduzir custos de gas nas transações.
91,A tokenização de ativos imobiliários se torna tendência em investimentos digitais.
92,O uso de contratos inteligentes simplifica auditorias e processos empresariais.
93,A Ripple fortalece sua posição no setor de pagamentos transfronteiriços.
94,Pesquisas apontam aumento na adoção de cripto em economias emergentes.
95,Plataformas de empréstimos cripto crescem com juros competitivos.
96,A regulação mais clara atrai investidores institucionais para o setor.
97,Novas blockchains de alto desempenho desafiam líderes do mercado.
98,O mercado cripto reage positivamente a avanços tecnológicos e adoção institucional.
